<?xml version="1.0" encoding="UTF-8"?>
<beans xmlns="http://www.springframework.org/schema/beans"
	xmlns:xsi="http://www.w3.org/2001/XMLSchema-instance"
	xsi:schemaLocation="http://www.springframework.org/schema/beans https://www.springframework.org/schema/beans/spring-beans.xsd">
	
	<!-- Root Context: defines shared resources visible to all other web components -->
	
	<!-- MariaDB Bean 객체 생성을 위한 파일 -->
	<!-- dataSource라는 bean 객체 생성 -->
	<!-- DB는 URL, Driver, ID, Password 필요 -->
	<bean id="dataSource" class="org.springframework.jdbc.datasource.DriverManagerDataSource">
		<!-- DriverManagerDataSource에 있는 변수 -->
		<property name="driverClassName">
			<value>org.mariadb.jdbc.Driver</value>
		</property>
		<property name="url">
			<value>jdbc:mariadb://127.0.0.1:3306/kttest</value>
		</property>
		<property name="username">
			<value>root</value>
		</property>
		<property name="password">
			<value>1234</value>
		</property>
	</bean>
	
</beans>