<?xml version="1.0" encoding="UTF-8"?>
<beans xmlns="http://www.springframework.org/schema/beans"
	xmlns:xsi="http://www.w3.org/2001/XMLSchema-instance"
	xmlns:aop="http://www.springframework.org/schema/aop"
	xsi:schemaLocation="http://www.springframework.org/schema/beans
						http://www.springframework.org/schema/beans/spring-beans.xsd
						http://www.springframework.org/schema/aop
						http://www.springframework.org/aop/spring-aop-3.0.xsd">
	
	<!-- Root Context: defines shared resources visible to all other web components -->
	
	<bean id="targetBean" class="com.kr.aop.ex2.MessageBeanImpl">
		<property name="name"><value>Spring</value></property>
	</bean>
	
	<bean id="loggingSample" class="com.kr.aop.ex2.LoggingSample"/>
	
	<!-- POJO를 이용한 AOP -->
	<!-- aop:aspect (핵심 관심에 해당하는 Pointcut Method와 횡단 관심에 해당하는 Advice Method를 결합하는 역할 -->
	<aop:config>
		<aop:aspect id="logAspect" ref="loggingSample">
			<aop:pointcut expression="execution(* sayHello())" id="logPointCut"/>
			<aop:around method="logAround" pointcut-ref="logPointCut"/>
		</aop:aspect>
	</aop:config>
	
</beans>
