<?xml version="1.0" encoding="UTF-8" ?>
<!DOCTYPE mapper
PUBLIC "-//mybatis.org//DTD Mapper 3.0//EN"
"http://mybatis.org/dtd/mybatis-3-mapper.dtd">
<mapper namespace="MemberMapper">

    <select id="login" parameterType="HashMap" resultType="MemberDTO">
		<![CDATA[
			select * from member where userid=#{userid} and passwd=#{passwd}
		]]>
	</select>
	
   	<select id="idCheck" parameterType="String" resultType="MemberDTO">
	   <![CDATA[
			select username from member where userid=#{userid}
		]]>  
	</select>
	
	<insert id="memberAdd" parameterType="MemberDTO">
    	<![CDATA[
			insert into member
			values(#{userid}, #{passwd}, #{username}, #{post}, #{addr1}, #{addr2},
				   #{phone1}, #{phone2}, #{phone3}, #{email1}, #{email2})
		]]>
   </insert>
   
   <select id="mypage" parameterType="String" resultType="MemberDTO">
		<![CDATA[
			select * from from member where userid=#{userid}
		]]>
   </select>
   
   <update id="updateMember" parameterType="MemberDTO">
		<![CDATA[
			update member set passwd=#{passwd}, post=#{post}, addr1=#{addr1}, addr2=#{addr2},
							  phone1=#{phone1}, phone2=#{phone2}, phone3=#{phone3}, email1=#{email1}, email2=#{email2}
						  where userid=#{userid}
		]]>
   </update>
</mapper>