<?xml version="1.0" encoding="UTF-8" ?>
<!DOCTYPE mapper
PUBLIC "-//mybatis.org//DTD Mapper 3.0//EN"
"http://mybatis.org/dtd/mybatis-3-mapper.dtd">
<mapper namespace="CartMapper">

	 <insert id="orderAllDone" parameterType="arraylist" >
	 	insert into orderInfo (num,userid,gCode,gName,gPrice,gSize,gColor,gAmount,
		gImage,orderName,post,addr1,addr2,phone,payMethod)

		values
		<foreach collection="list" item="item" separator=", ">
			(nextval(orderInfo_seq), #{item.userid},#{item.gCode},#{item.gName},#{item.gPrice},
			#{item.gSize},#{item.gColor},#{item.gAmount},#{item.gImage},#{item.orderName},
			#{item.post},#{item.addr1},#{item.addr2},#{item.phone},#{item.payMethod})
		</foreach>
	 </insert>
 
	<select id="orderAllConfirm" parameterType="arraylist" resultType="CartDTO">
		select num,userid,gCode,gName,gPrice,gSize,gColor,gAmount,gImage
		from cart
		where num in (
		<foreach collection="list" item="item" separator=",">
			#{item}
		</foreach>
		)
	</select>


	<insert id="orderDone" parameterType="OrderDTO">
		insert into orderInfo (num,userid,gCode,gName,gPrice,gSize,gColor,gAmount,
		gImage,orderName,post,addr1,addr2,phone,payMethod)

		values(nextval(orderInfo_seq), #{userid},#{gCode},#{gName},#{gPrice},
		#{gSize},#{gColor},#{gAmount},
		#{gImage},#{orderName},#{post},#{addr1},#{addr2},#{phone},#{payMethod}
		)
	</insert>
	<select id="cartbyNum" parameterType="string"
		resultType="CartDTO">
		select num,userid,gCode,gPrice,gSize,gColor,gAmount,gName,gImage
		from cart
		where num = #{num}
	</select>


	<delete id="cartAllDel" parameterType="arraylist">
		delete from cart where num in (
		 <foreach collection="list" item="item" separator=",">
		 	#{item}
		 </foreach>
		 )
	</delete>

	<delete id="cartDel" parameterType="int">
		delete
		from cart
		where num =
		#{num}
	</delete>

	<update id="cartUpdate" parameterType="hashmap">
		update cart
		set gAmount =
		#{gAmount}
		where num = #{num}
	</update>
	<insert id="cartAdd" parameterType="CartDTO">
		insert into cart
		(num,userid,gCode,gPrice,gSize,gColor,gAmount,gName,gImage)
		values
		(nextval(cart_seq),#{userid},#{gCode},#{gPrice},
		#{gSize},#{gColor},#{gAmount},#{gName},#{gImage})
	</insert>
	<select id="cartList" parameterType="string"
		resultType="CartDTO">
		select
		num,userid,gCode,gPrice,gSize,gColor,gAmount,gName,gImage
		from cart
		where userid = #{userid}
	</select>
</mapper>