<?xml version="1.0" encoding="UTF-8"?>
<beans xmlns="http://www.springframework.org/schema/beans"
	xmlns:xsi="http://www.w3.org/2001/XMLSchema-instance"
	xmlns:context="http://www.springframework.org/schema/context"
	xsi:schemaLocation="http://www.springframework.org/schema/beans https://www.springframework.org/schema/beans/spring-beans.xsd
		http://www.springframework.org/schema/context http://www.springframework.org/schema/context/spring-context-3.1.xsd">
	
	<!-- Root Context: defines shared resources visible to all other web components -->
	
	<!-- DB 정보가 있는 db.properties 파일 읽어오기 -->
	<context:property-placeholder location="classpath:com/kt/board/config/db.properties"/>
	
	<!-- DB connect Bean -->
	<bean id="dataSource" class="org.apache.commons.dbcp2.BasicDataSource" destroy-method="close">
		<property name="driverClassName" value="${driver}"></property>
		<property name="url" value="${url}"></property>
		<property name="username" value="${user}"></property>
		<property name="password" value="${password}"></property>
	</bean>
	
	<!-- sqlSessionFactory Bean -->
	<bean id="sqlSessionFactory" class="org.mybatis.spring.SqlSessionFactoryBean">
		<property name="dataSource" ref="dataSource"/>
		<property name="mapperLocations">
			<list>
				<value>classpath:com/kt/board/config/*.xml</value>
			</list>
		</property>
		<property name="typeAliases">
			<list>
				<value>com.kt.board.dto.Board</value>
			</list>
		</property>
	</bean>
	
	<!-- sqlSession Bean -->
	<bean id="sqlSession" class="org.mybatis.spring.SqlSessionTemplate">
		<constructor-arg name="sqlSessionFactory" ref="sqlSessionFactory"/>
	</bean>
</beans>
