<!-- Account class를 이용해 데이터를 담아 jdbc를 활용하여 mariadb에 데이터 저장하기 위한 mapper -->
<!DOCTYPE mapper
	PUBLIC "-//mybatis.org//DTD Mapper 3.0//EN"
	"http://mybatis.org/dtd/mybatis-3-mapper.dtd">
	
<!-- mapping되는 interface를 작성 -->
<mapper namespace="com.kr.bank.dao.AccountDAO">
	<!-- parameterType / resultType 경로명까지 안씀 - application.properties : typeAliases -->
	<insert id="insertAccount" parameterType="Account">
		<!-- ![CDATA[]]: query문 작성시 문자 형태로 인식하기 위함 -->
		<![CDATA[
			insert into account (id, name, balance, type, grade)
			value(#{id}, #{name}, #{balance}, #{type}, #{grade})
		]]>
	</insert>
	
	<select id="selectAccount" parameterType="String" resultType="Account">
		<![CDATA[
			select * from account where id=#{id}
		]]>
	</select>
	
	<select id="selectAllAccount" resultType="Account">
		<![CDATA[
			select * from account
		]]>
	</select>
	
	<update id="updateBalance" parameterType="Account">
		<![CDATA[
			update account set balance=#{balance} where id=#{id}
		]]>
	</update>
	
	<update id="updateBalance2" parameterType="java.util.HashMap">
		<![CDATA[
			update account set balance=#{balance} where id=#{id}
		]]>
	</update>
	
</mapper>